wavenumber;transmittance
4000,0;95,29333746922684
3997,998888271262;94,83376795338553
3995,9977765425238;95,2158084498323
3993,9966648137856;95,0000733110646
3991,995553085047;95,3445049012466
3989,994441356309;95,0297900380489
3987,993329627571;95,20172071253249
3985,9922178988327;94,9149885735573
3983,9911061700946;94,81008175863006
3981,9899944413564;94,7205138651625
3979,9888827126183;95,0213863426922
3977,9877709838797;95,12897861153208
3975,9866592551416;95,00501668416648
3973,9855475264035;94,76695650244012
3971,9844357976654;94,61810566607775
3969,9833240689272;94,81869856799057
3967,982212340189;94,86597694401911
3965,981100611451;95,03340917483172
3963,9799888827124;95,17144958324381
3961,9788771539743;94,74858546763382
3959,977765425236;94,42511761591493
3957,976653696498;94,95450101772946
3955,97554196776;94,94178028306405
3953,974430239022;94,73673087832157
3951,9733185102837;94,8621373772771
3949,972206781545;94,90677865598494
3947,971095052807;94,88724212222402
3945,969983324069;94,90176320041527
3943,9688715953307;95,02747481863082
3941,9677598665926;94,69199264714095
3939,9666481378545;95,12364867798975
3937,9655364091163;95,02133200061024
3935,964424680378;95,09513907113426
3933,9633129516396;94,72690489541387
3931,9622012229015;94,98444062027782
3929,9610894941634;95,13858258506855
3927,9599777654253;95,03794454882099
3925,958866036687;94,64536416448702
3923,957754307949;94,58380079229833
3921,956642579211;94,87034355307361
3919,9555308504723;94,95005736365421
3917,954419121734;95,0872350336049
3915,953307392996;95,01334301086914
3913,952195664258;94,9305318300019
3911,95108393552;94,57897148934418
3909,9499722067817;95,22523879079381
3907,9488604780436;94,7547914352025
3905,947748749305;94,71942288335484
3903,946637020567;95,0273443447009
3901,9455252918287;94,8220673970224
3899,9444135630906;95,19205245835019
3897,9433018343525;94,45061494340459
3895,9421901056144;94,92328181946091
3893,9410783768762;94,89539290343814
3891,9399666481377;95,02352203080372
3889,9388549193995;94,70392144136059
3887,9377431906614;94,79155667878052
3885,9366314619233;95,17656151722224
3883,935519733185;94,91928986620786
3881,934408004447;94,85284226840392
3879,933296275709;94,68665735160535
3877,9321845469703;94,59074043941854
3875,931072818232;94,68860679120355
3873,929961089494;94,66144754799932
3871,928849360756;94,8592662664439
3869,927737632018;94,56223072762658
3867,9266259032797;94,47652735536131
3865,9255141745416;94,93514552026548
3863,924402445803;94,31881292061979
3861,923290717065;94,5763771743278
3859,922178988327;94,89791867103234
3857,9210672595887;94,63749028567541
3855,9199555308505;94,34756350727667
3853,9188438021124;95,28577842796855
3851,9177320733743;94,39388224461645
3849,9166203446357;94,70175486875308
3847,9155086158976;94,68948756147283
3845,9143968871595;94,7694393833635
3843,9132851584213;94,52212936473626
3841,912173429683;94,63173358069102
3839,911061700945;94,54084944484192
3837,909949972207;94,54870639548628
3835,9088382434684;94,32121480897102
3833,9077265147303;94,35702763459952
3831,906614785992;94,23524906389001
3829,905503057254;94,84679990488532
3827,904391328516;94,07980309350016
3825,9032795997778;94,57116521524088
3823,9021678710396;94,25575689690618
3821,901056142301;94,3444348210392
3819,899944413563;93,81339414023611
3817,898832684825;94,12533809583321
3815,8977209560867;94,17069246979071
3813,8966092273486;94,31852342296425
3811,8954974986104;93,87858315648107
3809,8943857698723;93,90449413494072
3807,8932740411337;94,04101974857257
3805,8921623123956;94,20175708542949
3803,8910505836575;94,01239131686563
3801,8899388549194;94,04629970034
3799,8888271261812;93,58388920177141
3797,887715397443;93,74068142553374
3795,886603668705;93,6816168453585
3793,8854919399664;93,70795806932382
3791,8843802112283;93,78532208250937
3789,88326848249;93,32574008922944
3787,882156753752;93,55537471177273
3785,881045025014;93,40908470940933
3783,879933296276;93,23796033072614
3781,8788215675377;93,15048435636328
3779,877709838799;93,38802579678644
3777,876598110061;93,16181243984357
3775,875486381323;93,2720343405528
3773,8743746525847;93,33655898593997
3771,8732629238466;93,09005996022688
3769,8721511951085;92,88227562432375
3767,8710394663703;92,7273469996414
3765,869927737632;92,94983631633035
3763,8688160088936;92,55383473778394
3761,8677042801555;92,91293891025781
3759,8665925514174;92,63846332468184
3757,8654808226793;92,67834891827036
3755,864369093941;92,81398521702341
3753,863257365203;92,47704869832083
3751,862145636465;92,6042849446615
3749,8610339077263;92,54507801139235
3747,859922178988;92,47221452864581
3745,85881045025;92,19506860648953
3743,857698721512;92,07116668738323
3741,856586992774;92,3669676051263
3739,8554752640357;91,93631745594527
3737,8543635352976;92,01415378000519
3735,8532518065595;91,73343270193189
3733,852140077821;91,71585706439942
3731,8510283490828;91,66851327519757
3729,8499166203446;91,85864187458174
3727,8488048916065;91,16541058521325
3725,8476931628684;90,89411325420598
3723,8465814341303;91,42978741701556
3721,845469705392;91,08305567694698
3719,8443579766536;90,77626216300631
3717,8432462479154;90,65307519802016
3715,8421345191773;90,15138119838319
3713,841022790439;90,52499500611007
3711,839911061701;90,22859392650393
3709,838799332963;90,45747350669629
3707,837687604225;90,05969732916186
3705,8365758754862;89,78047402787344
3703,835464146748;89,78952127612543
3701,83435241801;89,39161581392818
3699,833240689272;89,36871414945246
3697,8321289605337;89,68663550074245
3695,8310172317956;89,67381987016249
3693,8299055030575;88,83399514522473
3691,828793774319;88,95189592694416
3689,827682045581;88,43962769882009
3687,8265703168427;88,63128907049746
3685,8254585881045;88,62103210511428
3683,8243468593664;88,2151665472165
3681,8232351306283;88,61704321162567
3679,82212340189;87,95231855564221
3677,8210116731516;88,02530182735161
3675,8198999444135;87,38104356117839
3673,8187882156753;87,44698175173738
3671,817676486937;87,56574969129606
3669,816564758199;86,95639704160234
3667,815453029461;87,03552053058773
3665,814341300723;86,9852512100652
3663,8132295719843;86,77221332599235
3661,812117843246;86,11757240018615
3659,811006114508;85,97033017159188
3657,80989438577;86,24533316654012
3655,8087826570318;85,48919535031717
3653,8076709282936;85,68385962187112
3651,8065591995555;85,16821773690424
3649,805447470817;85,02280586068153
3647,804335742079;84,87545316799586
3645,8032240133407;84,46440938146876
3643,8021122846026;84,42173022202573
3641,8010005558644;84,16214184514547
3639,7998888271263;83,94860078799972
3637,798777098388;83,81440857477035
3635,7976653696496;83,69410478556077
3633,7965536409115;83,51096878768347
3631,7954419121734;82,85583652890621
3629,7943301834352;82,57386369398147
3627,793218454697;82,36782914046454
3625,792106725959;81,75152484574811
3623,790994997221;81,96018592052727
3621,7898832684823;81,46798852538421
3619,788771539744;81,28814459948717
3617,787659811006;81,10037796068067
3615,786548082268;80,7954617862132
3613,78543635353;80,56309401566297
3611,7843246247917;80,40549029399
3609,7832128960536;79,84187157118424
3607,782101167315;79,40020940880618
3605,780989438577;79,5392077915706
3603,7798777098387;79,29411707512183
3601,7787659811006;79,00848031057416
3599,7776542523625;78,4548585310624
3597,7765425236244;78,13735018132286
3595,7754307948862;77,6701522482819
3593,7743190661477;77,64656515550317
3591,7732073374095;77,04423321979831
3589,7720956086714;76,49025515794447
3587,7709838799333;76,67463678809449
3585,769872151195;76,57911134687147
3583,768760422457;76,1717487629777
3581,767648693719;76,0654964321091
3579,7665369649803;75,46229297284975
3577,765425236242;75,27323647000979
3575,764313507504;75,15389593550296
3573,763201778766;74,47635009420142
3571,762090050028;74,27605924773852
3569,7609783212897;73,91324746945912
3567,7598665925516;73,75648876758012
3565,758754863813;73,1299608221759
3563,757643135075;72,89336921697156
3561,7565314063368;72,66897607724236
3559,7554196775986;72,24653953669323
3557,7543079488605;72,06703354143367
3555,7531962201224;71,51039789512927
3553,7520844913843;71,30062125742764
3551,7509727626457;71,25509926374505
3549,7498610339076;70,85556328812595
3547,7487493051694;70,45868750259244
3545,7476375764313;70,32993509479466
3543,746525847693;69,73015772935963
3541,745414118955;69,49046724843883
3539,744302390217;68,97366860923216
3537,7431906614784;68,89624447092308
3535,7420789327402;68,32306872946577
3533,740967204002;67,90511888213034
3531,739855475264;67,57078802180024
3529,738743746526;67,26466465239136
3527,7376320177877;67,35704388768224
3525,7365202890496;66,90965877267773
3523,735408560311;66,37953190265354
3521,734296831573;66,07788866423745
3519,733185102835;65,7594652760462
3517,7320733740967;65,4518373351624
3515,7309616453585;65,28379093356104
3513,7298499166204;65,0091278608462
3511,7287381878823;65,18765225968461
3509,7276264591437;63,94902882279413
3507,7265147304056;64,35283455368712
3505,7254030016675;63,396473994269705
3503,7242912729293;63,63191420460133
3501,723179544191;63,35945409339212
3499,722067815453;63,238757556039594
3497,720956086715;62,693962668044136
3495,7198443579764;62,52491203444887
3493,7187326292383;61,600757062595164
3491,7176209005;62,03616459827272
3489,716509171762;61,3243543116356
3487,715397443024;61,43695956388908
3485,714285714286;60,92269927406086
3483,7131739855477;60,50220272321596
3481,712062256809;60,232664786891924
3479,7109505280714;60,41576990583623
3477,709838799333;59,85672485257254
3475,7087270705947;59,78358374218798
3473,7076153418566;59,294665461061854
3471,7065036131185;59,28702094940264
3469,7053918843803;58,96841308945855
3467,7042801556418;58,808536275717564
3465,703168426904;58,49250492391542
3463,7020566981655;58,438034607262544
3461,7009449694274;58,049485566324876
3459,6998332406893;58,39226051076111
3457,698721511951;57,76580137773343
3455,697609783213;57,6772248269415
3453,6964980544744;57,50676235020712
3451,6953863257368;57,19607774865454
3449,694274596998;57,17644012479843
3447,69316286826;56,90011147663206
3445,692051139522;56,82355620829053
3443,690939410784;56,55804668241927
3441,6898276820457;56,51513978796097
3439,688715953307;56,31340589299551
3437,6876042245694;56,14722485356578
3435,686492495831;56,28497595137011
3433,6853807670927;56,040414263135844
3431,6842690383546;55,917762778624336
3429,6831573096165;55,55268781031482
3427,6820455808784;55,393310128194706
3425,6809338521402;55,715577128404895
3423,679822123402;55,86321778132797
3421,6787103946635;55,25149055155984
3419,6775986659254;55,040770770076115
3417,6764869371873;55,407770552202166
3415,675375208449;55,20762198828185
3413,674263479711;55,21967013429654
3411,673151750973;55,231768783964384
3409,672040022235;55,35625212951514
3407,670928293496;55,04939787388034
3405,669816564758;55,43270396319827
3403,66870483602;55,3348354253083
3401,667593107282;55,20662437596422
3399,6664813785437;54,82434953139469
3397,6653696498056;55,13925571720785
3395,6642579210675;54,978023332215386
3393,663146192329;54,90817173650652
3391,6620344635908;55,235815764761114
3389,6609227348526;55,197753719376735
3387,6598110061145;55,089892503181716
3385,6586992773764;55,515712392277294
3383,6575875486383;55,04088120558136
3381,6564758199;55,3994082523174
3379,6553640911616;55,4935348650196
3377,6542523624234;55,57536762929452
3375,6531406336853;55,75187652585896
3373,652028904947;55,4329484055326
3371,650917176209;55,83253296175949
3369,649805447471;56,22193924557985
3367,648693718733;56,12242867517539
3365,6475819899943;55,79322436292878
3363,646470261256;56,20058489015027
3361,645358532518;56,57676993108693
3359,64424680378;56,345723475216865
3357,6431350750418;56,75068843626492
3355,6420233463036;56,88918634419155
3353,6409116175655;56,7017187131005
3351,639799888827;57,10757984832673
3349,638688160089;57,40770006417326
3347,6375764313507;57,34710294497341
3345,6364647026126;57,336951017676625
3343,6353529738744;57,598162277958444
3341,6342412451363;58,24701674908435
3339,633129516398;58,39260307906687
3337,6320177876596;58,315759906210175
3335,6309060589215;58,6980137480882
3333,6297943301834;58,948367373247386
3331,6286826014452;58,870066986619754
3329,627570872707;59,17233291747586
3327,626459143969;59,474914426736575
3325,625347415231;59,50650739290733
3323,6242356864923;60,39669352698682
3321,623123957754;60,23409244538805
3319,622012229016;60,34134818927838
3317,620900500278;60,52436972084889
3315,61978877154;60,99098150036557
3313,6186770428017;60,923841742024806
3311,6175653140635;61,41191821809282
3309,616453585325;61,82258264202702
3307,615341856587;61,888750691910325
3305,6142301278487;62,38892862006343
3303,6131183991106;62,77943246751301
3301,6120066703725;63,032323289393815
3299,6108949416343;63,10505361888959
3297,609783212896;62,9613541872665
3295,6086714841576;63,718750305506916
3293,6075597554195;63,847242848014176
3291,6064480266814;64,05656437832178
3289,6053362979433;64,25846768394088
3287,604224569205;64,90312215961427
3285,603112840467;65,47280347879155
3283,602001111729;65,63174890966398
3281,6008893829903;65,90005476722169
3279,5997776542526;66,05005973040633
3277,598665925514;66,22076198491803
3275,597554196776;66,5305912806746
3273,596442468038;66,6765900256666
3271,5953307392997;66,65619114221656
3269,5942190105616;67,86714848096949
3267,593107281823;67,9995377222686
3265,5919955530853;67,86244962181235
3263,5908838243467;68,44663513553441
3261,5897720956086;69,31079012294849
3259,5886603668705;69,21241016425542
3257,5875486381324;69,41464638865034
3255,5864369093943;69,8569477562873
3253,5853251806557;70,20712426067695
3251,584213451918;70,41977465921671
3249,5831017231794;70,95421404539728
3247,5819899944413;71,00912983678239
3245,580878265703;71,28112114962359
3243,579766536965;71,42044493070088
3241,578654808227;72,16133331630981
3239,5775430794884;72,47976590541481
3237,5764313507507;72,93390532869574
3235,575319622012;73,22618908713847
3233,574207893274;73,45495234245902
3231,573096164536;73,73759291792022
3229,5719844357977;74,10295974131154
3227,5708727070596;74,44149763636605
3225,569760978321;74,79687837389078
3223,5686492495834;74,92040162992062
3221,567537520845;75,1623939276653
3219,5664257921067;75,71206881749461
3217,5653140633685;75,48464667733006
3215,5642023346304;76,14460571409819
3213,5630906058923;76,52767645926714
3211,5619788771537;76,72899073319675
3209,560867148416;76,91992388846394
3207,5597554196775;77,47654887226203
3205,5586436909393;77,58771342908435
3203,557531962201;78,23465451173016
3201,556420233463;78,31816296293901
3199,555308504725;78,65452777371783
3197,5541967759864;79,05071412566109
3195,5530850472487;78,8631456722052
3193,55197331851;79,41477762260394
3191,550861589772;79,94266255573994
3189,549749861034;79,90390300360855
3187,5486381322958;80,18699594535386
3185,5475264035576;80,39671557783771
3183,546414674819;80,52148601881608
3181,5453029460814;81,60675684287718
3179,544191217343;81,51906458277318
3177,5430794886047;81,42645763085865
3175,5419677598666;81,97234436110372
3173,5408560311284;82,22734101008616
3171,5397443023903;82,42900127663394
3169,538632573652;82,8112207779003
3167,537520844914;82,96593664653359
3165,5364091161755;83,23821240056196
3163,5352973874374;83,46261364532728
3161,5341856586992;83,84782624318454
3159,533073929961;84,28959552254314
3157,531962201223;84,13597125426716
3155,530850472485;83,85647445199669
3153,5297387437467;84,40225558791288
3151,528627015008;84,78246734395066
3149,52751528627;85,16306718734384
3147,526403557532;85,34185739787779
3145,525291828794;85,76751341715651
3143,5241801000557;85,60837618171328
3141,5230683713175;85,58033922126074
3139,5219566425794;86,05349284008526
3137,520844913841;86,26069348869116
3135,5197331851027;86,43834853102338
3133,5186214563646;86,93418880853483
3131,5175097276265;87,12673194015427
3129,5163979988884;87,27315799203224
3127,51528627015;87,19709499356144
3125,514174541412;87,21390286048508
3123,5130628126735;87,39233484216254
3121,5119510839354;88,15384996908536
3119,5108393551973;88,08815397738348
3117,509727626459;88,41938108078075
3115,508615897721;88,61250759464497
3113,507504168983;88,23544954917831
3111,506392440245;88,76844116931274
3109,505280711506;88,94151574327614
3107,504168982768;88,964128425544
3105,50305725403;89,31870304510733
3103,501945525292;89,48646815490103
3101,5008337965537;89,4422392425445
3099,4997220678156;89,55254682518594
3097,4986103390775;89,82059742953419
3095,497498610339;89,86961935902815
3093,4963868816008;90,30807007339193
3091,4952751528626;89,93876840848358
3089,4941634241245;90,45896716813537
3087,4930516953864;90,25560385130777
3085,4919399666483;90,71168764634201
3083,49082823791;90,50365445361798
3081,4897165091716;90,87680634097266
3079,4886047804334;91,0001159937139
3077,4874930516953;90,9049651920206
3075,486381322957;91,35001068829962
3073,485269594219;91,24806173184595
3071,484157865481;91,15907659867229
3069,483046136743;91,39721167925913
3067,4819344080042;91,6009584901119
3065,480822679266;91,64757754342335
3063,479710950528;91,6897548043973
3061,47859922179;91,60762777341675
3059,4774874930517;92,41646257734904
3057,4763757643136;92,05525574590335
3055,4752640355755;92,04832598277417
3053,474152306837;92,50617203648598
3051,473040578099;92,24741579771212
3049,4719288493607;92,34995680215565
3047,4708171206225;92,83566063478631
3045,4697053918844;92,68641808924365
3043,4685936631463;92,48059175790452
3041,467481934408;92,45402236953626
3039,4663702056696;92,45611248758871
3037,4652584769315;92,81955661062982
3035,4641467481933;93,12332562059183
3033,463035019455;93,14539865710951
3031,461923290717;93,09998068025097
3029,460811561979;93,2371324145316
3027,459699833241;93,02751538723871
3025,4585881045023;92,9290968835449
3023,4574763757646;93,35983253200595
3021,456364647026;93,10017536407248
3019,455252918288;93,55243168528919
3017,45414118955;93,2502532803262
3015,4530294608116;93,25352298566693
3013,4519177320735;93,6042368149182
3011,450806003335;93,29702300718924
3009,4496942745973;93,47185157641832
3007,4485825458587;93,43341313563816
3005,4474708171206;93,43009801083322
3003,4463590883825;93,41905092063926
3001,4452473596443;93,2301115293053
2999,444135630906;93,28912622840745
2997,4430239021676;93,16331586094373
2995,44191217343;93,34482230705038
2993,4408004446914;93,32285620952416
2991,4396887159533;93,04274181498266
2989,438576987215;92,99484461406516
2987,437465258477;92,98523719336069
2985,436353529739;93,09895459656393
2983,4352418010003;92,60999367111349
2981,4341300722626;92,0125144213918
2979,433018343524;92,22035237779176
2977,431906614786;91,33516176857975
2975,430794886048;91,6609581514965
2973,4296831573097;90,89468586256328
2971,4285714285716;90,65904393773228
2969,427459699833;90,40373156849252
2967,4263479710953;90,28217839156753
2965,4252362423567;89,5935508002845
2963,4241245136186;89,0816236151645
2961,4230127848805;88,42189517667141
2959,4219010561424;87,95936250872042
2957,4207893274042;87,36030576049252
2955,4196775986657;87,02568676342923
2953,418565869928;86,53532584053671
2951,4174541411894;86,00889138683304
2949,4163424124513;85,28966065058209
2947,415230683713;84,86142695044227
2945,414118954975;83,73615401982636
2943,413007226237;83,59709529911957
2941,4118954974983;82,6734164406308
2939,4107837687607;82,23924014781352
2937,409672040022;81,62001205796122
2935,408560311284;81,45395535681058
2933,407448582546;80,73697280964363
2931,4063368538077;80,21644806031695
2929,4052251250696;79,87364240345654
2927,404113396331;79,4322215854454
2925,4030016675933;79,55066860595991
2923,4018899388548;79,56435412143588
2921,4007782101166;79,10564345847759
2919,3996664813785;79,17202908972394
2917,3985547526404;78,85925026700731
2915,3974430239023;79,23826428454214
2913,3963312951637;79,17234759558912
2911,395219566426;79,31716874069203
2909,3941078376874;78,99581132984234
2907,3929961089493;79,6177500099073
2905,391884380211;79,85589734953992
2903,390772651473;80,01062096096379
2901,389660922735;79,69777212673338
2899,3885491939964;80,39111548543117
2897,3874374652587;80,63110010900202
2895,38632573652;81,05824999856229
2893,385214007782;81,3774260119894
2891,384102279044;81,78256248598474
2889,3829905503057;81,99406910110947
2887,3818788215676;81,69861459397823
2885,380767092829;82,14077341804247
2883,3796553640914;82,17847178328095
2881,378543635353;82,93043113722975
2879,3774319066147;82,74620568519553
2877,3763201778766;82,716059250132
2875,3752084491384;82,88234239696645
2873,3740967204003;83,34179006345069
2871,3729849916617;83,0072249424419
2869,371873262924;83,41334703355791
2867,3707615341855;82,7704681230759
2865,369649805448;83,44926100310087
2863,3685380767092;83,64267824511371
2861,367426347971;83,47269580491647
2859,366314619233;83,26379952465719
2857,3652028904944;83,45071326769101
2855,3640911617567;83,26055103394937
2853,362979433018;83,59727020340387
2851,3618677042805;84,1204387941852
2849,360755975542;84,35509731493732
2847,359644246804;83,93270545431022
2845,3585325180657;84,47193671207273
2843,357420789327;84,94008993115528
2841,3563090605894;85,22828868001376
2839,355197331851;85,39000420530435
2837,354085603113;85,37231347839125
2835,3529738743746;85,68298752239863
2833,3518621456365;85,92240949189268
2831,3507504168983;86,48796687835286
2829,3496386881598;86,88665485033023
2827,348526959422;87,44314054372923
2825,3474152306835;88,1215905007617
2823,346303501946;87,6543605436526
2821,3451917732073;88,2641998154545
2819,344080044469;88,8442565372685
2817,342968315731;89,34745004654243
2815,341856586993;89,88502880031028
2813,3407448582548;89,98649146871409
2811,339633129516;90,76784449785569
2809,3385214007785;91,26979975218954
2807,33740967204;91,42885317816176
2805,336297943302;91,68644450852702
2803,3351862145637;92,04873506970202
2801,3340744858256;92,29459869500039
2799,3329627570874;92,88567126063919
2797,331851028349;92,64127042457955
2795,330739299611;92,68607881419686
2793,3296275708726;93,23092364518598
2791,3285158421345;93,28404421426185
2789,3274041133964;93,8500749613202
2787,3262923846582;93,64163494048283
2785,32518065592;94,32476116335778
2783,3240689271815;94,0412812951159
2781,322957198444;94,32981190574488
2779,3218454697053;94,16629302880489
2777,320733740967;94,1177126331994
2775,319622012229;94,41893349875372
2773,318510283491;94,90050792174559
2771,317398554753;95,15443023122472
2769,316286826014;94,59081729635862
2767,3151750972766;94,8120371013263
2765,314063368538;94,94817293752588
2763,3129516398;94,99022456292126
2761,3118399110617;94,82953544449536
2759,3107281823236;94,90077647984045
2757,3096164535855;94,87081242008432
2755,308504724847;94,96653328514785
2753,3073929961092;95,13849507899772
2751,3062812673707;94,9707457765884
2749,3051695386325;95,01160358392798
2747,3040578098944;95,00713734457965
2745,3029460811563;94,76637014701944
2743,301834352418;94,90093130181832
2741,3007226236796;95,12820718508189
2739,299610894942;94,91493663146716
2737,2984991662033;95,07492347133764
2735,297387437465;94,84090550729456
2733,296275708727;95,22157561628859
2731,295163979989;95,01088895695914
2729,294052251251;94,97880043680298
2727,2929405225123;95,22897195781253
2725,2918287937746;95,2233638638892
2723,290717065036;95,24580317400807
2721,289605336298;94,82456329578076
2719,2884936075598;94,95918848491831
2717,2873818788216;94,74796122618724
2715,2862701500835;95,09102391102485
2713,285158421345;95,07998950713525
2711,2840466926073;95,24314246825017
2709,2829349638687;94,80676700495701
2707,2818232351306;95,05273826532185
2705,2807115063924;94,85901021542162
2703,2795997776543;95,23376471248456
2701,278488048916;94,5599859763086
2699,2773763201776;94,93921472372215
2697,27626459144;94,95515224701481
2695,2751528627014;95,05300160950533
2693,2740411339632;94,98183211852607
2691,272929405225;94,99361103859779
2689,271817676487;95,00577317793156
2687,270705947749;94,77209610691946
2685,2695942190103;95,19589942007794
2683,2684824902726;94,92818906006234
2681,267370761534;94,76521624603957
2679,266259032796;94,7703526660122
2677,265147304058;95,3152751172836
2675,2640355753197;94,94429789425556
2673,2629238465815;94,80870396848032
2671,261812117843;94,76334974252862
2669,2607003891053;95,0961408652861
2667,2595886603667;95,08627994916625
2665,2584769316286;95,03409981198404
2663,2573652028905;95,06832565874136
2661,2562534741523;94,65474505281334
2659,255141745414;95,06376913927677
2657,2540300166756;94,99549648535887
2655,252918287938;95,02742117684869
2653,2518065591994;95,11941322765108
2651,2506948304613;95,02837680700416
2649,249583101723;95,19251605301234
2647,248471372985;94,82141710109667
2645,247359644247;95,0232351010099
2643,2462479155083;94,65941279998535
2641,2451361867707;94,49175230817754
2639,244024458032;94,91363730261102
2637,242912729294;95,41939972343627
2635,241801000556;95,3877073248679
2633,2406892718177;94,8540871183376
2631,2395775430796;94,9415497327169
2629,238465814341;94,98481878663131
2627,2373540856033;95,2031601045476
2625,2362423568648;94,67035287475694
2623,2351306281266;95,24448713604384
2621,2340188993885;94,8635532903492
2619,2329071706504;95,2698750587025
2617,2317954419123;95,09324863248105
2615,2306837131737;94,87134601759342
2613,229571984436;95,01793647059472
2611,2284602556974;94,858557000316
2609,2273485269598;95,13958468255808
2607,226236798221;94,68164261131697
2605,225125069483;95,09625462759733
2603,224013340745;94,91485454494409
2601,2229016120064;94,90126519617809
2599,2217898832687;95,45134532651026
2597,22067815453;95,13244724946827
2595,2195664257924;94,37687408450753
2593,218454697054;95,04880311039211
2591,2173429683157;95,37203750451683
2589,2162312395776;94,93217588815386
2587,215119510839;94,53823068979352
2585,2140077821014;95,06980266499882
2583,212896053363;95,05493768106709
2581,211784324625;95,09627636958456
2579,2106725958865;95,27282827900945
2577,2095608671484;94,93599665635394
2575,2084491384103;94,9009644511812
2573,2073374096717;94,88505685269448
2571,206225680934;95,0064895467893
2569,2051139521955;94,90830703267311
2567,204002223458;94,75731350118924
2565,202890494719;95,0512843096472
2563,201778765981;94,88390698364252
2561,200667037243;94,89903649621988
2559,199555308505;95,02594235265128
2557,1984435797667;94,88007235061828
2555,197331851028;95,03191967664273
2553,1962201222905;95,35504800207768
2551,195108393552;94,90488438037569
2549,1939966648138;94,90440968651872
2547,1928849360756;94,85369757890045
2545,1917732073375;95,13070740242586
2543,1906614785994;94,97942328598467
2541,189549749861;95,38401990312778
2539,188438021123;95,1960608633725
2537,1873262923846;95,1559092774863
2535,1862145636464;95,02404365740254
2533,1851028349083;95,29282086826956
2531,18399110617;94,72945977344904
2529,182879377432;94,83754146114887
2527,1817676486935;95,24109739200675
2525,180655919956;94,79561288405097
2523,1795441912172;94,89601983673312
2521,178432462479;94,90994495243736
2519,177320733741;94,76622944145704
2517,176209005003;95,21356408473157
2515,1750972762648;94,9891842967227
2513,173985547526;95,08709634889168
2511,1728738187885;95,04679090179546
2509,17176209005;95,01579859719253
2507,170650361312;94,86487507453533
2505,1695386325737;94,88680489839084
2503,1684269038356;95,1342154900061
2501,1673151750974;94,90527279680984
2499,166203446359;95,05940367987112
2497,165091717621;94,68350526917338
2495,1639799888826;95,0399597349724
2493,1628682601445;94,64293094950837
2491,1617565314064;95,0277733913867
2489,1606448026682;94,73424087825322
2487,15953307393;94,8231461031132
2485,1584213451915;94,98509378210167
2483,157309616454;95,28799941508522
2481,1561978877153;95,10286104139527
2479,155086158977;94,95307946381779
2477,153974430239;94,84781661222186
2475,152862701501;95,03238768732433
2473,151750972763;94,98739155672956
2471,150639244024;95,13923829736105
2469,1495275152865;95,14155706357178
2467,148415786548;94,98601602123952
2465,14730405781;95,25691892874221
2463,1461923290717;94,94902982575103
2461,1450806003336;94,97376369538004
2459,1439688715955;95,14405512843415
2457,142857142857;95,19642589243983
2455,141745414119;94,68060749448246
2453,1406336853806;95,00798548854155
2451,1395219566425;94,86791506381267
2449,1384102279044;94,8713851030177
2447,1372984991663;95,46152234712797
2445,136186770428;95,22059195968609
2443,1350750416896;94,78297925013085
2441,133963312952;94,82783087132945
2439,1328515842133;94,81298202249678
2437,131739855475;95,04072151496236
2435,130628126737;94,78945939658487
2433,129516397999;94,8697338959564
2431,128404669261;95,0086059411254
2429,1272929405222;94,8331222464921
2427,1261812117846;95,012470319233
2425,125069483046;95,1268036050469
2423,123957754308;94,83797733020707
2421,1228460255697;95,21064113683502
2419,1217342968316;94,78654638714872
2417,1206225680935;94,7228500264394
2415,119510839355;95,13930061541838
2413,1183991106172;94,9609100284789
2411,1172873818787;95,0392262987518
2409,1161756531405;94,73209663349873
2407,1150639244024;94,96100774720976
2405,1139521956643;94,88341525636757
2403,112840466926;94,7452997971443
2401,1117287381876;94,7069963036405
2399,11061700945;95,09155263630754
2397,1095052807113;94,89752991878753
2395,108393551973;95,42655151369532
2393,107281823235;95,09851481021835
2391,106170094497;94,68340156743547
2389,105058365759;94,87444570568303
2387,1039466370203;95,07448363058664
2385,1028349082826;95,19814924972322
2383,101723179544;95,00430452546091
2381,100611450806;95,1117432418635
2379,099499722068;94,70918120306956
2377,0983879933297;94,91898834535313
2375,0972762645915;95,15713015446063
2373,096164535853;95,01861859872007
2371,0950528071153;94,97430648358545
2369,0939410783767;95,14164527324083
2367,0928293496386;95,0913417662964
2365,0917176209005;94,852310463713
2363,0906058921623;95,17453182144834
2361,089494163424;94,83391207510513
2359,0883824346856;95,297015735342
2357,087270705948;94,98462138400822
2355,0861589772094;94,81261805571448
2353,0850472484717;94,77130365024593
2351,083935519733;94,57953784792984
2349,082823790995;95,0055091178004
2347,081712062257;95,01822740051033
2345,0806003335183;94,68209254687898
2343,0794886047806;94,49151746209816
2341,078376876042;94,72792592283326
2339,0772651473044;95,01106075347714
2337,076153418566;94,68612810521755
2335,0750416898277;95,02246126694946
2333,0739299610896;94,93859509318857
2331,072818232351;95,04501394945042
2329,0717065036133;95,26895556343646
2327,0705947748747;95,26177038733782
2325,069483046137;94,96150915203138
2323,0683713173985;94,83565563966174
2321,0672595886604;94,93035724939004
2319,0661478599222;94,87353805783623
2317,0650361311837;94,88959081542966
2315,063924402446;95,12295850776961
2313,0628126737074;95,04080865826866
2311,0617009449697;95,2487180206004
2309,060589216231;95,07631163920634
2307,059477487493;94,94679762495025
2305,058365758755;94,47771064889508
2303,057254030017;94,94514599843552
2301,0561423012787;95,20596125865306
2299,05503057254;95,13554926409809
2297,0539188438024;95,05809862421516
2295,052807115064;95,24082100132507
2293,0516953863257;95,00112432312012
2291,0505836575876;95,29135658494859
2289,0494719288495;95,09578657648622
2287,0483602001113;95,05165534035555
2285,0472484713728;94,7740035656473
2283,046136742635;94,7637106722761
2281,0450250138965;95,26897060526387
2279,0439132851584;94,83915129640307
2277,0428015564203;95,1511211729982
2275,041689827682;95,47711760985987
2273,040578098944;94,71318641435188
2271,0394663702054;94,88525751365707
2269,038354641468;94,8526144460554
2267,037242912729;94,75394562960828
2265,036131183991;95,04618594942228
2263,035019455253;94,95922621110454
2261,033907726515;95,02319194186518
2259,0327959977767;94,90118547855214
2257,031684269038;95,28977103570674
2255,0305725403005;94,91494365945434
2253,029460811562;95,38615492981535
2251,0283490828238;95,14501366023028
2249,0272373540856;95,17331576247614
2247,0261256253475;95,27274627893587
2245,0250138966094;95,51822927089171
2243,023902167871;95,00526477638886
2241,022790439133;95,0124354801294
2239,0216787103946;95,0582055840989
2237,0205669816564;94,9912402581561
2235,0194552529183;95,03966543101771
2233,01834352418;94,97068218335349
2231,017231795442;94,93958014041772
2229,0161200667035;95,11396924987731
2227,015008337966;95,26452538475638
2225,0138966092272;94,7204610082652
2223,012784880489;94,92589906738073
2221,011673151751;94,98953081183915
2219,010561423013;94,7274091896915
2217,0094496942747;95,31212318304061
2215,008337965536;94,8138554082804
2213,0072262367985;95,15766983425371
2211,00611450806;95,02516957695406
2209,005002779322;95,34631278477491
2207,0038910505837;94,68155494944654
2205,0027793218455;95,07185093704288
2203,0016675931074;94,76185404012718
2201,000555864369;95,23803574546172
2198,999444135631;95,13326332873517
2196,9983324068926;94,8682925092019
2194,9972206781545;95,11243164435389
2192,9961089494163;94,93059039032053
2190,994997220678;94,54621964721046
2188,99388549194;94,6907703720933
2186,9927737632015;94,86784202441461
2184,991662034464;94,62494242346695
2182,9905503057253;95,19907595263713
2180,989438576987;94,80529165025622
2178,988326848249;95,07276245792333
2176,987215119511;95,22729803840393
2174,9861033907728;95,05232176654756
2172,984991662034;94,89073587248296
2170,9838799332965;95,19545765652471
2168,982768204558;95,03057238046696
2166,98165647582;95,2641521809941
2164,9805447470817;95,18490613129119
2162,9794330183436;95,04769107060453
2160,9783212896054;94,90717766590684
2158,977209560867;95,17942118241184
2156,976097832129;95,00458619047699
2154,9749861033906;95,01214310571424
2152,9738743746525;94,9509598283514
2150,9727626459144;95,31687564194975
2148,9716509171762;94,84189639283524
2146,970539188438;95,06115883352663
2144,9694274596995;95,29846521336104
2142,968315730962;95,12638738551969
2140,9672040022233;95,21482791778116
2138,966092273485;94,97995420029315
2136,964980544747;94,9930408157323
2134,963868816009;94,5377039999972
2132,962757087271;95,11258636674984
2130,961645358532;94,81379355006207
2128,9605336297946;95,08812741782232
2126,959421901056;94,80219008134239
2124,958310172318;95,0477557546109
2122,9571984435797;95,16863490805895
2120,9560867148416;94,70188931605507
2118,9549749861035;95,25924210840465
2116,953863257365;95,09909039084249
2114,9527515286272;94,80408598036614
2112,9516397998887;95,30195984445284
2110,9505280711505;95,11529205769922
2108,9494163424124;94,9937627395601
2106,9483046136743;95,15407639030013
2104,947192884936;95,03098078237596
2102,9460811561976;94,69831783068015
2100,94496942746;94,84489997507333
2098,9438576987213;95,01220997493081
2096,9427459699837;95,0600162351706
2094,941634241245;94,98785659329212
2092,940522512507;94,97429374681357
2090,939410783769;95,05381184447937
2088,9382990550303;95,21081171848607
2086,9371873262926;95,21174957259765
2084,936075597554;95,26946793273187
2082,9349638688163;95,24417039907068
2080,9338521400778;94,98730094582648
2078,9327404113396;95,1249698658738
2076,9316286826015;95,07488225099986
2074,930516953863;94,77599854583411
2072,9294052251253;94,91137855885057
2070,9282934963867;95,05970894107246
2068,927181767649;95,06029462076812
2066,9260700389104;95,15858950366052
2064,9249583101723;94,65537131235129
2062,923846581434;94,87709049232292
2060,9227348526956;94,8897498803716
2058,921623123958;95,36628328341065
2056,9205113952194;94,92535537594505
2054,9193996664817;95,2532376255571
2052,918287937743;94,78388939006551
2050,917176209005;95,03857954435632
2048,916064480267;94,67478526551459
2046,9149527515287;95,02820435015862
2044,9138410227904;94,96670774158609
2042,9127292940523;94,8067900214699
2040,9116175653141;95,00442877230633
2038,9105058365758;95,00450328330353
2036,9093941078377;95,00012763119591
2034,9082823790995;94,99262701603955
2032,9071706503614;94,7264705888499
2030,906058921623;95,04128958203577
2028,904947192885;94,80820333310245
2026,9038354641468;95,0353502936208
2024,9027237354085;94,77522186626943
2022,9016120066703;94,87678338706105
2020,9005002779322;95,38056337777256
2018,899388549194;94,99437854685883
2016,8982768204557;95,06600521260992
2014,8971650917176;95,04602890022234
2012,8960533629795;95,07321628794742
2010,8949416342411;94,95042458475523
2008,893829905503;95,07804898351178
2006,892718176765;95,1691402862449
2004,8916064480268;94,72829533582757
2002,8904947192884;94,94063881575559
2000,8893829905503;94,85513592995285
1998,8882712618122;94,68600476840142
1996,8871595330738;95,05211735320646
1994,8860478043357;95,10016157810752
1992,8849360755976;94,89940053696446
1990,8838243468595;94,8815882992828
1988,882712618121;94,99771162263937
1986,881600889383;95,07548223630431
1984,8804891606449;95,24908834269654
1982,8793774319065;95,16465002043792
1980,8782657031684;95,17841210657434
1978,8771539744303;94,81838025478034
1976,8760422456921;95,25820695044861
1974,8749305169538;94,84660718871652
1972,8738187882157;94,73828409978039
1970,8727070594775;95,15093613329371
1968,8715953307394;94,81495178947472
1966,870483602001;95,0300441875093
1964,869371873263;94,78847942236044
1962,8682601445248;94,64218607824688
1960,8671484157865;94,99484954116717
1958,8660366870483;95,28928571490367
1956,8649249583102;95,15958920626531
1954,863813229572;95,15204237908898
1952,8627015008337;94,87621922231135
1950,8615897720956;95,03148738885571
1948,8604780433575;95,0125113783839
1946,8593663146194;95,14181008307833
1944,8582545858812;95,13569885550616
1942,8571428571427;94,88251965530644
1940,8560311284045;95,37021447510513
1938,8549193996664;94,94178100216229
1936,8538076709283;95,28981077742033
1934,8526959421902;95,08441994456524
1932,851584213452;94,9772382668945
1930,850472484714;95,04051046378173
1928,8493607559753;94,86303704898523
1926,8482490272372;94,68030355544629
1924,847137298499;95,17968987324505
1922,846025569761;94,99661400899487
1920,8449138410228;95,06866805200882
1918,8438021122847;95,00206491673704
1916,8426903835466;94,7216916983808
1914,841578654808;94,5700957841396
1912,84046692607;94,85541295306791
1910,8393551973318;94,94928051382318
1908,8382434685936;94,96783291864597
1906,8371317398555;94,92031531750926
1904,8360200111174;95,31272620753889
1902,8349082823793;94,9281783857415
1900,8337965536407;94,70827861031704
1898,8326848249026;94,98839053747359
1896,8315730961644;95,27398395967953
1894,8304613674263;94,85320307384623
1892,8293496386882;95,0337612837834
1890,82823790995;95,23184265099782
1888,827126181212;95,141521302951
1886,8260144524738;94,84963214519583
1884,8249027237352;94,86294314705641
1882,8237909949971;94,86889013235579
1880,822679266259;95,04326575718457
1878,8215675375209;94,78243689394156
1876,8204558087828;94,8507601736979
1874,8193440800446;95,00483436364573
1872,8182323513065;95,03590148710484
1870,817120622568;94,82918381213624
1868,8160088938298;94,6899282801397
1866,8148971650917;95,03846816274405
1864,8137854363536;95,12244997325722
1862,8126737076154;94,70030268734644
1860,8115619788773;95,25531269769249
1858,8104502501392;94,89715439310746
1856,8093385214006;95,27599099472103
1854,8082267926625;94,63722206188045
1852,8071150639244;95,32961953611138
1850,8060033351862;94,71168699344054
1848,804891606448;94,78154950316133
1846,80377987771;94,98363806719546
1844,8026681489719;95,10307716751949
1842,8015564202333;95,33126722937703
1840,8004446914952;95,17774710751922
1838,799332962757;95,15066465145536
1836,798221234019;95,12674710068951
1834,7971095052808;94,76030569873268
1832,7959977765427;94,85913022142346
1830,7948860478045;95,35640495561611
1828,793774319066;94,82814392085938
1826,7926625903278;94,81965834226627
1824,7915508615897;95,0035490079999
1822,7904391328516;94,89362903096027
1820,7893274041135;94,9765097498915
1818,7882156753753;94,50619780870234
1816,7871039466372;95,11413065409917
1814,7859922178986;95,5261225877382
1812,7848804891605;94,7522457917872
1810,7837687604224;95,17057963164335
1808,7826570316843;95,1630699474854
1806,7815453029461;94,42104365365574
1804,780433574208;95,15841970534531
1802,77932184547;95,00214835225393
1800,7782101167313;95,05108920346322
1798,7770983879932;94,60905054363266
1796,775986659255;94,71424138078905
1794,774874930517;94,6511871071566
1792,7737632017788;94,47398403092514
1790,7726514730407;94,7264886187943
1788,7715397443026;93,9517224095081
1786,770428015564;94,48556741752078
1784,7693162868259;93,78048764470745
1782,7682045580877;93,83551379940324
1780,7670928293496;93,25165041110783
1778,7659811006115;92,80338214301585
1776,7648693718734;92,60754959588925
1774,7637576431352;91,50282220301874
1772,7626459143967;90,94867090446425
1770,7615341856585;89,88606929343992
1768,7604224569204;89,07207374857103
1766,7593107281823;87,91165659097949
1764,7581989994442;86,9027189291976
1762,757087270706;85,5521907667067
1760,755975541968;84,24821941646151
1758,7548638132293;82,57006257516576
1756,7537520844912;81,18738454506591
1754,752640355753;79,69734832813683
1752,751528627015;78,19923008379946
1750,7504168982769;76,52487967155317
1748,7493051695387;75,45637022616364
1746,7481934408006;74,06713182381235
1744,7470817120625;72,57046330512713
1742,745969983324;71,65972641986487
1740,7448582545858;70,83498298447118
1738,7437465258477;70,3014171175434
1736,7426347971095;70,12769247813857
1734,7415230683714;70,08638598799267
1732,7404113396333;70,1124196287595
1730,7392996108952;70,29207284645737
1728,7381878821566;71,34820164441355
1726,7370761534185;71,88875630424796
1724,7359644246803;73,02240437356903
1722,7348526959422;74,34739474264785
1720,733740967204;75,87786005081057
1718,732629238466;77,05706504263401
1716,7315175097278;78,54816859554995
1714,7304057809893;79,70586584365692
1712,7292940522511;81,464618979676
1710,728182323513;82,93762470853244
1708,727070594775;84,62472315455328
1706,7259588660368;86,07240199339176
1704,7248471372986;87,00990552856865
1702,7237354085605;88,17919386809439
1700,722623679822;88,85799266158827
1698,7215119510838;90,07400226499576
1696,7204002223457;90,96873488511503
1694,7192884936076;91,69718782189888
1692,7181767648694;92,18824064326861
1690,7170650361313;92,70922442022841
1688,7159533073932;93,00674976358563
1686,7148415786546;92,99435755686639
1684,7137298499165;93,8170343029539
1682,7126181211784;93,82863337761529
1680,7115063924402;93,82476084996138
1678,7103946637021;93,8303730339247
1676,709282934964;93,49964912743717
1674,7081712062259;93,42472870826695
1672,7070594774873;93,34099550298434
1670,7059477487492;92,81673148749725
1668,704836020011;92,67124848440409
1666,703724291273;91,92696171094107
1664,7026125625348;91,51799601778629
1662,7015008337967;90,8057022786002
1660,7003891050585;90,49893781927918
1658,69927737632;89,99777345097347
1656,6981656475818;88,54222885825006
1654,6970539188437;87,73693911539384
1652,6959421901056;87,04239744475419
1650,6948304613675;86,17174838077581
1648,6937187326293;85,09187997500794
1646,6926070038912;84,65855077639502
1644,6914952751526;83,29570267873441
1642,6903835464145;82,76316337617119
1640,6892718176764;81,96159531563336
1638,6881600889383;81,33481458919209
1636,6870483602002;80,96739117250455
1634,685936631462;80,52298425407693
1632,684824902724;79,88805623743912
1630,6837131739858;79,7859721703943
1628,6826014452472;80,18217331682334
1626,681489716509;80,21320809328918
1624,680377987771;80,80572665477807
1622,6792662590328;80,66362087061898
1620,6781545302947;81,70830539970495
1618,6770428015566;82,41960986481375
1616,6759310728185;82,95704350454085
1614,6748193440799;83,8918044757502
1612,6737076153418;84,8125703954043
1610,6725958866036;85,63589824104848
1608,6714841578655;85,90481047002557
1606,6703724291274;87,6016173645896
1604,6692607003893;88,63309320425542
1602,6681489716511;88,83498827148003
1600,6670372429126;89,58271421293882
1598,6659255141744;90,8416877984702
1596,6648137854363;91,45140221706082
1594,6637020566982;91,91420393493061
1592,66259032796;92,30502987224051
1590,661478599222;92,83518746125135
1588,6603668704838;92,97524157055103
1586,6592551417452;93,45934197728936
1584,658143413007;93,70930777171449
1582,657031684269;94,1246623583811
1580,6559199555309;94,13404911731278
1578,6548082267927;94,4880130591479
1576,6536964980546;94,64644976241883
1574,6525847693165;95,06693557607474
1572,651473040578;94,91538354900534
1570,6503613118398;94,8162753660554
1568,6492495831017;94,59738471934041
1566,6481378543635;95,05433539637893
1564,6470261256254;94,73739196794976
1562,6459143968873;94,43114395689621
1560,6448026681492;94,77671435122289
1558,6436909394106;94,36670222208897
1556,6425792106725;94,38692512754332
1554,6414674819343;93,96380796199547
1552,6403557531962;94,03553878738464
1550,639244024458;93,86160041676607
1548,63813229572;93,39075125954888
1546,6370205669818;93,16655766010098
1544,6359088382433;92,65312632956353
1542,6347971095051;92,20588443922075
1540,633685380767;91,87133355883782
1538,632573652029;91,22720252770584
1536,6314619232908;90,83434403496771
1534,6303501945526;90,28291332394322
1532,6292384658145;89,39757930002541
1530,628126737076;88,97152005115485
1528,6270150083378;88,49926257519941
1526,6259032795997;87,98015887721226
1524,6247915508616;87,61152026429889
1522,6236798221234;86,90508894308147
1520,6225680933853;86,43087705713417
1518,6214563646472;85,67175751529699
1516,6203446359086;85,62612575329099
1514,6192329071705;85,28425919708206
1512,6181211784324;84,76938398636051
1510,6170094496943;84,84500012275997
1508,6158977209561;84,91840766411732
1506,614785992218;84,9277600263818
1504,6136742634799;85,47456875469163
1502,6125625347413;85,64898138090352
1500,6114508060032;86,13645054336585
1498,610339077265;86,10399469222118
1496,609227348527;86,80291695934478
1494,6081156197888;87,50039423290409
1492,6070038910507;87,93508150154405
1490,6058921623126;88,82206621569671
1488,6047804335744;89,17937338559692
1486,6036687048359;89,66079336303713
1484,6025569760977;90,5043478538751
1482,6014452473596;91,03278578759607
1480,6003335186215;91,57656836083699
1478,5992217898834;91,97713203232959
1476,5981100611452;92,01550843506722
1474,596998332407;92,37159629467988
1472,5958866036685;92,92434930406462
1470,5947748749304;92,23735421485792
1468,5936631461923;92,59102128469388
1466,5925514174542;92,79418509388974
1464,591439688716;92,3850812008757
1462,590327959978;92,56200855267214
1460,5892162312398;91,97281772383567
1458,5881045025012;91,53763770912096
1456,586992773763;90,99306539117906
1454,585881045025;90,71494566184658
1452,5847693162868;90,30685196688916
1450,5836575875487;89,34330831072758
1448,5825458588106;88,9225053720507
1446,5814341300725;88,36890750040344
1444,580322401334;88,143273057506
1442,5792106725958;86,83862159875038
1440,5780989438576;86,09414340837883
1438,5769872151195;85,54532322119796
1436,5758754863814;84,93233331265141
1434,5747637576433;84,16397687957513
1432,5736520289051;83,44210629187685
1430,5725403001666;83,47427668084133
1428,5714285714284;83,31067850532204
1426,5703168426903;82,7011806121207
1424,5692051139522;83,28710905349891
1422,568093385214;83,2282297324557
1420,566981656476;83,20246997676365
1418,5658699277378;84,08892533179052
1416,5647581989992;84,0559933801963
1414,5636464702611;84,47867189934534
1412,562534741523;85,38743556820974
1410,5614230127849;86,12855156996666
1408,5603112840467;86,33537746837239
1406,5591995553086;87,20289224132033
1404,5580878265705;87,94595126833153
1402,556976097832;88,68771635927266
1400,5558643690938;89,45352557568022
1398,5547526403557;90,50444980763142
1396,5536409116175;90,61618264490558
1394,5525291828794;91,27165236471423
1392,5514174541413;91,94813650597514
1390,5503057254032;92,20581230176703
1388,5491939966646;92,70351296538375
1386,5480822679265;92,43460661388534
1384,5469705391884;93,27741674020818
1382,5458588104502;93,99844968456641
1380,544747081712;94,10355112403292
1378,543635352974;94,45385463566798
1376,5425236242359;94,199973353262
1374,5414118954977;94,26272951092514
1372,5403001667592;94,77644566987097
1370,539188438021;94,81353570915952
1368,538076709283;94,61456617109728
1366,5369649805448;95,1113414318587
1364,5358532518067;94,96929610211313
1362,5347415230685;94,38836309230491
1360,5336297943304;94,78747046770405
1358,5325180655918;94,60209756099067
1356,5314063368537;95,10882946414185
1354,5302946081156;94,99867589473176
1352,5291828793775;94,619426382289
1350,5280711506393;95,03150565084124
1348,5269594219012;94,90838380994676
1346,525847693163;95,17943894851692
1344,5247359644245;94,61611795096037
1342,5236242356864;95,10417179843007
1340,5225125069483;94,79821800276885
1338,5214007782101;94,89098921568839
1336,520289049472;94,70391013000837
1334,519177320734;94,91310179665574
1332,5180655919958;94,64551493395273
1330,5169538632572;94,77357203160379
1328,515842134519;94,9892984871203
1326,514730405781;94,43991259562563
1324,5136186770428;94,87734180056619
1322,5125069483047;94,48494628954026
1320,5113952195666;94,3971560913054
1318,5102834908284;94,207796482954
1316,5091717620899;94,17774159415518
1314,5080600333517;94,63416251672038
1312,5069483046136;94,23655380152846
1310,5058365758755;93,89358631874862
1308,5047248471374;93,5185429329259
1306,5036131183992;93,19214486651946
1304,5025013896611;92,91366414702502
1302,5013896609225;92,51878730864804
1300,5002779321844;92,38613331614245
1298,4991662034463;92,13156448640063
1296,4980544747082;91,82210688141338
1294,49694274597;90,7736122001344
1292,495831017232;90,92258158560934
1290,4947192884938;90,21247697416334
1288,4936075597552;89,55350096508229
1286,492495831017;89,01410113962164
1284,491384102279;88,351991810236
1282,4902723735408;87,49789593076142
1280,4891606448027;86,89824651564419
1278,4880489160646;86,20907865212045
1276,4869371873265;85,61727190234573
1274,485825458588;84,6814875452073
1272,4847137298498;83,52922883257713
1270,4836020011116;82,94215229726746
1268,4824902723735;82,0911091160308
1266,4813785436354;81,35656464380176
1264,4802668148973;80,6377493765337
1262,4791550861592;79,8587148893031
1260,4780433574206;79,12534243864238
1258,4769316286825;78,47018885501434
1256,4758198999443;77,61333357422045
1254,4747081712062;77,05102956453854
1252,473596442468;76,55373848712567
1250,47248471373;76,29335943661036
1248,4713729849918;75,72349045132077
1246,4702612562533;75,72667922951402
1244,4691495275151;74,99327042039533
1242,468037798777;75,18203040317627
1240,4669260700389;74,91191468718881
1238,4658143413008;74,97758959262309
1236,4647026125626;75,43062177299338
1234,4635908838245;75,26357141029176
1232,4624791550864;75,11315814351228
1230,4613674263478;75,8476377072707
1228,4602556976097;76,6989100295733
1226,4591439688716;76,74237714836651
1224,4580322401334;77,51507658068013
1222,4569205113953;78,14026790065111
1220,4558087826572;78,6931767509228
1218,454697053919;79,5167937748628
1216,4535853251805;80,30541761051582
1214,4524735964424;80,97483768534437
1212,4513618677042;81,65549091182488
1210,450250138966;82,51135601045331
1208,449138410228;83,06168396347103
1206,4480266814899;84,20939630089832
1204,4469149527517;84,75682152948806
1202,4458032240132;85,29240882318872
1200,444691495275;85,96070610117278
1198,443579766537;86,95633507778307
1196,4424680377988;87,55073387951398
1194,4413563090607;87,79453371267427
1192,4402445803225;88,49603668447993
1190,4391328515844;88,54504413016215
1188,4380211228458;89,16563556703233
1186,4369093941077;89,53936529392482
1184,4357976653696;89,86844658179128
1182,4346859366315;90,1829804539764
1180,4335742078933;89,99260075125594
1178,4324624791552;90,45286657015171
1176,431350750417;90,23755763057578
1174,4302390216785;91,02694217115106
1172,4291272929404;90,7419407409471
1170,4280155642023;90,74994592611566
1168,4269038354641;90,37768305578523
1166,425792106726;90,06831878090378
1164,424680377988;90,09839127619723
1162,4235686492498;89,48693586746646
1160,4224569205112;89,72157210700917
1158,421345191773;89,25426685898294
1156,420233463035;88,87242683473382
1154,4191217342968;88,25401208466113
1152,4180100055587;87,68446963797936
1150,4168982768206;87,44908521757863
1148,4157865480825;86,86350373914259
1146,4146748193439;86,00194686236183
1144,4135630906057;85,92274011839604
1142,4124513618676;84,97346309144861
1140,4113396331295;83,98524672279909
1138,4102279043914;83,65886940337325
1136,4091161756533;82,6924553049159
1134,4080044469151;81,57175668242309
1132,4068927181766;81,13427029616778
1130,4057809894384;79,86973669015988
1128,4046692607003;79,18047548859847
1126,4035575319622;78,26570569700593
1124,402445803224;76,70397792449984
1122,401334074486;76,0900458536289
1120,4002223457478;74,40135523560109
1118,3991106170097;73,48494868511693
1116,397998888271;71,95137142339807
1114,396887159533;71,07509713506435
1112,3957754307949;69,70238535137216
1110,3946637020567;68,45282942892769
1108,3935519733186;67,07753102816602
1106,3924402445805;66,23401094922532
1104,3913285158424;64,57672855992593
1102,3902167871038;63,35692036674365
1100,3891050583657;61,95507143341497
1098,3879933296275;60,50033434731227
1096,3868816008894;59,10901530801273
1094,3857698721513;57,820445450537505
1092,3846581434132;56,59218675146326
1090,383546414675;55,232865344622724
1088,3824346859365;54,21034386129198
1086,3813229571983;52,843749916168
1084,3802112284602;51,176599402313045
1082,379099499722;50,185344321851396
1080,377987770984;49,181329120677205
1078,3768760422458;48,13978667077647
1076,3757643135077;46,82902775663035
1074,3746525847691;46,490146710576006
1072,373540856031;45,0329170850553
1070,372429127293;44,28353172727919
1068,3713173985548;43,427521026965096
1066,3702056698166;42,90897123627976
1064,3690939410785;42,454355030338704
1062,3679822123404;41,82981365981005
1060,3668704836018;41,11099168696002
1058,3657587548637;40,43479718459201
1056,3646470261256;40,547592127608105
1054,3635352973874;40,257506850176206
1052,3624235686493;40,182891430922325
1050,3613118399112;40,00932959663206
1048,360200111173;40,146071079362116
1046,3590883824345;40,0612095491198
1044,3579766536964;40,14635538380247
1042,3568649249582;40,41500968117311
1040,3557531962201;41,12124184876984
1038,354641467482;41,65990511361416
1036,3535297387439;42,374122360015875
1034,3524180100057;42,513817738610044
1032,3513062812672;43,1718560410458
1030,350194552529;44,341824003954166
1028,349082823791;44,75058097767528
1026,3479710950528;45,80323102910498
1024,3468593663147;46,52278168071491
1022,3457476375766;47,535166871461556
1020,3446359088384;48,605646036466226
1018,3435241800998;49,60735913639187
1016,3424124513617;51,70094124296228
1014,3413007226236;52,568620152200474
1012,3401889938855;53,60563596532938
1010,3390772651474;54,785206710335316
1008,3379655364092;56,28447754779058
1006,3368538076711;57,72245184405552
1004,3357420789325;58,63144541609734
1002,3346303501944;59,897433427684085
1000,3335186214563;61,43129524590739
998,3324068927182;62,46050389535574
996,33129516398;64,36345932990125
994,3301834352419;65,1855003775135
992,3290717065038;66,6008256200552
990,3279599777652;68,51298297110839
988,3268482490271;69,19905040065244
986,325736520289;70,39445987501361
984,3246247915508;71,97628495973302
982,3235130628127;72,63955175869974
980,3224013340746;74,27908228743907
978,3212896053365;75,32879082041393
976,3201778765983;76,529657624112
974,3190661478598;77,54149565512081
972,3179544191216;78,57748364398772
970,3168426903835;79,74369209252933
968,3157309616454;80,40587410248659
966,3146192329073;81,27024488975579
964,3135075041691;82,49869485823247
962,312395775431;83,12819947298529
960,3112840466924;83,92168220732422
958,3101723179543;84,64972608956937
956,3090605892162;85,3849317375255
954,3079488604781;86,08396045932216
952,3068371317399;86,80295013388282
950,3057254030018;87,2530396504919
948,3046136742637;87,68057659768787
946,3035019455251;88,3445798557218
944,302390216787;88,96470030949081
942,3012784880489;89,70816754297218
940,3001667593107;89,94809330069523
938,2990550305726;90,51887160257367
936,2979433018345;90,87339875447717
934,2968315730964;90,96774005385325
932,2957198443578;91,24309460576951
930,2946081156197;91,33217800584217
928,2934963868815;91,62591816864638
926,2923846581434;91,35107019568206
924,2912729294053;91,70943904223157
922,2901612006672;91,73388061932896
920,289049471929;91,4789767726932
918,2879377431905;91,49777058792397
916,2868260144523;91,47111485184377
914,2857142857142;91,22965263742611
912,2846025569761;90,39697971372841
910,283490828238;90,34422100870763
908,2823790994998;90,31860050720763
906,2812673707617;89,8025816490938
904,2801556420231;90,02856203113804
902,279043913285;89,49989953185333
900,2779321845469;89,31927940631125
898,2768204558088;89,1607239057074
896,2757087270707;89,27429359059178
894,2745969983325;89,27088928382037
892,2734852695944;89,62908170356246
890,2723735408558;89,9685494352619
888,2712618121177;90,38049749245144
886,2701500833796;90,82952693002181
884,2690383546415;91,48383326360288
882,2679266259033;91,61173266674814
880,2668148971652;92,45779583171624
878,2657031684271;92,89177573525753
876,2645914396885;93,05121693470387
874,2634797109504;93,47050395872203
872,2623679822123;93,52787833242972
870,2612562534741;94,09987491747394
868,260144524736;94,14210513816566
866,2590327959979;94,54549622486071
864,2579210672598;94,4358858970885
862,2568093385216;94,42958323003585
860,255697609783;94,67741028725277
858,2545858810449;94,67939769608492
856,2534741523068;94,5323470561477
854,2523624235687;94,92535520696705
852,2512506948306;94,95595335187635
850,2501389660924;95,18423059147196
848,2490272373543;95,22984528635317
846,2479155086157;94,74312866567344
844,2468037798776;94,83340392787703
842,2456920511395;94,80620355253063
840,2445803224014;94,93392654400358
838,2434685936632;94,50387815666657
836,2423568649251;95,14591747204001
834,241245136187;94,81242308515695
832,2401334074484;95,12667149928649
830,2390216787103;94,77734784695612
828,2379099499722;95,27504099682282
826,236798221234;94,93735088640004
824,2356864924959;95,31146477578126
822,2345747637578;95,18914491584123
820,2334630350197;94,9297171355948
818,2323513062811;94,82972830439671
816,231239577543;95,04732784454367
814,2301278488048;95,06407561167806
812,2290161200667;94,9443581642972
810,2279043913286;95,11065624195331
808,2267926625905;95,268341707483
806,2256809338523;95,23218860185884
804,2245692051138;94,94918140932404
802,2234574763756;94,98750419016964
800,2223457476375;94,88644436024043
798,2212340188994;94,97692900921773
796,2201222901613;95,03395708120648
794,2190105614231;95,24412423567296
792,217898832685;95,05549571181585
790,2167871039464;95,19003132714515
788,2156753752083;94,76240988612479
786,2145636464702;94,83596428386124
784,2134519177321;95,09319977368514
782,212340188994;94,93549868098363
780,2112284602558;95,03182701823124
778,2101167315177;95,04770716217054
776,2090050027791;95,12926434792831
774,207893274041;94,99273445071942
772,2067815453029;95,04318704397176
770,2056698165648;94,92851504775005
768,2045580878266;95,08295763097583
766,2034463590885;94,98427899590729
764,2023346303504;94,8036230707189
762,2012229016118;94,86678260382563
760,2001111728737;94,78094663487892
758,1989994441356;94,89119440801991
756,1978877153974;94,91865716258857
754,1967759866593;95,20038562769776
752,1956642579212;95,06349443337983
750,194552529183;94,8693143848584
748,1934408004445;94,93548460063099
746,1923290717064;94,6912246056343
744,1912173429682;95,05140239584816
742,1901056142301;95,00432253430964
740,188993885492;95,30558830447234
738,1878821567539;95,14304010464551
736,1867704280157;94,98987021080502
734,1856586992772;94,89496908850539
732,184546970539;94,64093377104271
730,1834352418009;95,4293089630158
728,1823235130628;94,72083074718525
726,1812117843247;94,83844644883189
724,1801000555865;94,64960258613486
722,1789883268484;95,49577241050888
720,1778765981103;95,28838307640153
718,1767648693717;94,73441346732994
716,1756531406336;95,02708784396582
714,1745414118955;94,845839950381
712,1734296831573;95,24895559167507
710,1723179544192;94,87939816737858
708,1712062256811;94,98302003042909
706,170094496943;94,9105710070193
704,1689827682044;95,06070141315206
702,1678710394663;95,05484564798964
700,1667593107281;94,95614454931463
698,16564758199;95,1643576520679
696,1645358532519;95,13937629137708
694,1634241245138;94,72322847814827
692,1623123957756;95,24918353299003
690,1612006670371;95,14526160516222
688,1600889382989;94,8645959892044
686,1589772095608;94,89020785561058
684,1578654808227;94,79308466390304
682,1567537520846;95,36409315213189
680,1556420233464;95,01616775863417
678,1545302946083;94,75599906319593
676,1534185658697;94,95896767909593
674,1523068371316;95,31330835561842
672,1511951083935;94,47905511794808
670,1500833796554;95,01619159851298
668,1489716509172;95,29053576130005
666,1478599221791;95,12597850697064
664,146748193441;95,12016951742727
662,1456364647024;94,78278717790819
660,1445247359643;95,135734227174
658,1434130072262;95,00053808810107
656,142301278488;94,93311634937544
654,1411895497499;94,82955089028083
652,1400778210118;95,33862050884625
650,1389660922737;95,15688910489503
648,1378543635351;95,41953380042827
646,136742634797;94,84111778419494
644,1356309060589;95,21444431833284
642,1345191773207;94,99914399382945
640,1334074485826;95,20695436595767
638,1322957198445;94,82562434112538
636,1311839911064;95,01787770439933
634,1300722623678;95,03098102828058
632,1289605336297;94,91091721118887
630,1278488048915;94,91367863306311
628,1267370761534;95,17951182850481
626,1256253474153;95,32953073573415
624,1245136186772;95,03644006607944
622,123401889939;95,09026881807061
620,1222901612005;94,95482854948314
618,1211784324623;95,02509291798597
616,1200667037242;95,03964779672481
614,1189549749861;94,75095157518513
612,117843246248;94,88553973916316
610,1167315175098;94,95406916191136
608,1156197887717;94,8522670867705
606,1145080600336;95,02283200123668
604,113396331295;95,27029178725142
602,1122846025569;95,08994317889447
600,1111728738188;95,04338370221556
598,1100611450806;94,74394284951943
596,1089494163425;94,82818220836981
594,1078376876044;95,12451923034021
592,1067259588663;94,93987254761588
590,1056142301277;94,887340502131
588,1045025013896;95,20830853756178
586,1033907726514;94,94731992271146
584,1022790439133;95,25722078492588
582,1011673151752;95,27287123671044
580,1000555864371;94,74618440209987
578,0989438576989;94,97770516028666
576,0978321289604;94,92676229259683
574,0967204002222;94,98915532165343
572,0956086714841;94,96548795664934
570,094496942746;94,91315327690225
568,0933852140079;95,30718995725175
566,0922734852697;94,96414936645682
564,0911617565316;95,14839968051967
562,090050027793;94,90682633067631
560,0889382990549;94,87089597044057
558,0878265703168;94,81920832327769
556,0867148415787;94,95075942644051
554,0856031128405;94,94139750143944
552,0844913841024;95,00480344468046
550,0833796553643;95,02048501717996
548,0822679266257;94,49903831379191
546,0811561978876;94,84938534409928
544,0800444691495;95,12924069025814
542,0789327404113;95,25718274888744
540,0778210116732;94,85097579211495
538,0767092829351;94,73035613553498
536,075597554197;95,11860408763746
534,0744858254584;94,97859178338658
532,0733740967203;95,23021735473112
530,0722623679821;94,5307267153172
528,071150639244;94,80714254399595
526,0700389105059;94,91067731382361
524,0689271817678;94,64050971861124
522,0678154530297;95,10230591338662
520,0667037242911;94,69743292444471
518,065591995553;94,52019852051885
516,0644802668148;95,02168900904489
514,0633685380767;95,19806190065707
512,0622568093386;95,12833941317841
510,06114508060045;95,27402621566969
508,06003335186233;95,13857813451311
506,05892162312375;94,9884959235988
504,0578098943856;94,48450528442305
502,0566981656475;95,00944023188987
500,0555864369094;95,31182114884871
498,05447470817126;94,82351235270626
496,05336297943313;95,2564455176541
494,052251250695;94,92645744300746
492,05113952195643;94,82092098063411
490,0500277932183;95,11718538204168
488,0489160644802;94,58303795769004
486,04780433574206;95,33941744755288
484,04669260700393;94,68392137788778
482,0455808782658;94,76179139073528
480,0444691495277;94,83061783661364
478,0433574207891;95,1375365137945
476,042245692051;95,29812224275084
474,04113396331286;95,39582864084007
472,04002223457474;94,99860575705613
470,0389105058366;95,3257770370235
468,0377987770985;94,96613097472033
466,03668704836036;95,35741429992422
464,03557531962224;95,23847652989977
462,03446359088366;94,88364821864447
460,03335186214554;95,10656751524255
458,0322401334074;94,8404619107967
456,0311284046693;95,07850302876527
454,03001667593117;95,0173333803562
452,02890494719304;94,76728505610004
450,0277932184549;94,8782596354976
448,02668148971634;94,70187937846264
446,0255697609782;95,29109930470314
444,0244580322401;94,56925180673352
442,02334630350197;95,1156648693154
440,02223457476384;94,91426159634052
438,0211228460257;95,03874963239485
436,0200111172876;95,0277898856541
434,018899388549;94,99037964249223
432,0177876598109;94,95602772916371
430,01667593107277;95,06761607784834
428,01556420233464;95,3205879291005
426,0144524735965;95,0730594200701
424,0133407448584;95,11896077877746
422,0122290161203;95,20571474828537
420,0111172873817;94,69781003779758
418,01000555864357;95,3385349345362
416,00889382990545;94,95691721110897
414,0077821011673;94,64696853956107
412,0066703724292;95,23615225184963
410,0055586436911;95,01090126662805
408,00444691495295;94,95658603806719
406,0033351862144;94,80663140441487
404,00222345747625;95,1248243029012
402,0011117287381;95,11312789757656
400,0;95,26428556707064
